# PPM Values, R, G, B, R_std, G_std,B_std,H,S,V,H_std,S_std,V_std,L,a,b,L_std,a_std,b_std
square1,169.7048,160.6768,151.7692,10.713134786793265,10.364571470157365,10.619676612778752,29.7456,0.10613961,0.66550902,3.0524876150444897,0.00810209,0.04201229,169.9136,129.9896,133.95,10.153449415838935,0.4184397686644996,0.4869291529575941
square2,169.73150887573965,158.81508875739644,154.8125,5.781111978803013,5.627934618405335,5.7306381470552825,16.12647928994083,0.08810622,0.66561376,2.1387472210634417,0.00589543,0.02267103,168.85244082840237,131.0,131.55436390532543,5.619536264616411,0.2929143502255349,0.5914856014184454
square3,144.16,130.6596,149.9056,5.658692428467906,5.814922857613848,6.173223520981563,282.4584,0.12847529,0.5878651,3.8215532758290833,0.00981378,0.02420872,143.9492,136.7552,119.5604,5.728823558113829,0.8713627028970198,0.6668971734832889
square4,154.15711805555554,139.48611111111111,160.48263888888889,4.828891783946176,4.769129770244472,4.838597418747491,281.5104166666667,0.13080065,0.62934368,2.332565908024418,0.00672768,0.01897489,153.16449652777777,137.49045138888889,118.93923611111111,4.577394628693652,0.6420554593761645,0.4226102417994214
square5,176.5464,165.4792,161.0452,6.159013479446201,6.03926877692987,6.570049996765626,17.0304,0.08803451,0.69233882,3.5692962667730455,0.00830945,0.02415299,175.4004,131.0084,131.6244,5.897260367323118,0.420867485082894,0.8814332873224155
square6,177.02734375,166.07942708333334,162.18706597222223,5.986503822247204,5.6851897339187705,5.841823232788516,15.73611111111111,0.08366864,0.69422488,2.791321150536444,0.0046401,0.02347649,176.04947916666666,131.03559027777777,131.42621527777777,5.688391237214748,0.3480361553934217,0.6268917887216179
square7,161.17958412098298,149.14933837429112,160.65737240075615,5.132633925965393,4.9087519287471855,5.457110438992349,302.70888468809073,0.07480633,0.63215835,5.077130651843649,0.00542531,0.02017761,161.14272211720228,134.77315689981097,123.27646502835539,4.97844588229423,0.6504016905923297,0.6207151640966692
square8,158.05902777777777,143.71397569444446,161.81814236111111,10.68626073513221,9.370519993988731,11.560882049887024,288.38194444444446,0.11180215,0.63480733,10.795122694852227,0.01483238,0.04451936,156.57204861111111,136.62760416666666,120.37890625,10.122085484384753,1.223412444755504,1.3891654862381881
