# PPM Values, R, G, B, R_std, G_std,B_std
10,239.69117647058823,215.10749299719888,212.0392156862745,7.992503876993749,6.674872391741237,8.26698251752573
20,236.29151943462898,215.21837455830388,211.4876325088339,9.18461027421405,8.41719266384413,9.586339425571406
30,233.2452619843924,210.54089219330854,199.7654275092937,7.753498079900984,5.147923458309733,6.06161010050501
40,231.12468738835298,211.55503931379556,204.06790564689064,7.199437378812425,5.642399986482779,6.437223603568085
50,232.03077467279803,214.02617615847188,205.40360806508667,7.216014169150184,6.298608303403254,8.066281910203523
60,237.1875871687587,220.94002789400278,212.51569037656904,6.741777317799226,5.966891590873883,6.4086841234555285
70,232.7724505327245,217.08637747336377,205.2001522070015,5.407796580669715,4.568329210812879,5.501027990934614
80,239.87573746312685,223.30014749262537,220.81379056047197,5.933229865683529,4.713380812146503,5.009318905513806
90,233.7356608478803,217.52155325970787,210.83612397577485,7.1938366811399925,6.579281263237382,7.9507438272199655
